Workbook

Sheet Prices
A1: =GOOGLEFINANCE("ASX:VAS","all",TODAY()-620,TODAY()) | H1: Change ASX:VAS to your fund (for example ASX:VGS). Google Sheets fills columns A to F.

Sheet Dip check
A1: Date | B1: Close | C1: High | D1: Low | E1: 50-day avg | F1: 200-day avg | G1: Bollinger lower band | H1: Gain | I1: Loss | J1: Avg gain (14) | K1: Avg loss (14) | L1: RSI (14) | M1: Stoch raw %K | N1: Stoch %K (3) | O1: RSI < 30 | P1: Stochastic < 20 | Q1: 50-day pullback | R1: 200-day pullback | S1: Below Bollinger | T1: Any signal today? | V1: Latest date | W1: =INDEX(A2:A401,COUNT(B2:B401))
A2: =IF(Prices!A2="","",Prices!A2) | B2: =IF(Prices!E2="","",Prices!E2) | C2: =IF(Prices!C2="","",Prices!C2) | D2: =IF(Prices!D2="","",Prices!D2) | O2: =IF(ISNUMBER(L2),L2<30,FALSE) | P2: =IF(ISNUMBER(N2),N2<20,FALSE) | Q2: =FALSE | R2: =FALSE | S2: =IF(ISNUMBER(G2),B2<G2,FALSE) | T2: =OR(O2,P2,Q2,R2,S2) | V2: Latest close | W2: =INDEX(B2:B401,COUNT(B2:B401))
A3: =IF(Prices!A3="","",Prices!A3) | B3: =IF(Prices!E3="","",Prices!E3) | C3: =IF(Prices!C3="","",Prices!C3) | D3: =IF(Prices!D3="","",Prices!D3) | H3: =MAX(B3-B2,0) | I3: =MAX(B2-B3,0) | O3: =IF(ISNUMBER(L3),L3<30,FALSE) | P3: =IF(ISNUMBER(N3),N3<20,FALSE) | Q3: =FALSE | R3: =FALSE | S3: =IF(ISNUMBER(G3),B3<G3,FALSE) | T3: =OR(O3,P3,Q3,R3,S3) | V3: RSI < 30 | W3: =INDEX(O2:O401,COUNT(B2:B401))
A4: =IF(Prices!A4="","",Prices!A4) | B4: =IF(Prices!E4="","",Prices!E4) | C4: =IF(Prices!C4="","",Prices!C4) | D4: =IF(Prices!D4="","",Prices!D4) | H4: =MAX(B4-B3,0) | I4: =MAX(B3-B4,0) | O4: =IF(ISNUMBER(L4),L4<30,FALSE) | P4: =IF(ISNUMBER(N4),N4<20,FALSE) | Q4: =FALSE | R4: =FALSE | S4: =IF(ISNUMBER(G4),B4<G4,FALSE) | T4: =OR(O4,P4,Q4,R4,S4) | V4: Stochastic < 20 | W4: =INDEX(P2:P401,COUNT(B2:B401))
A5: =IF(Prices!A5="","",Prices!A5) | B5: =IF(Prices!E5="","",Prices!E5) | C5: =IF(Prices!C5="","",Prices!C5) | D5: =IF(Prices!D5="","",Prices!D5) | H5: =MAX(B5-B4,0) | I5: =MAX(B4-B5,0) | O5: =IF(ISNUMBER(L5),L5<30,FALSE) | P5: =IF(ISNUMBER(N5),N5<20,FALSE) | Q5: =FALSE | R5: =FALSE | S5: =IF(ISNUMBER(G5),B5<G5,FALSE) | T5: =OR(O5,P5,Q5,R5,S5) | V5: 50-day pullback | W5: =INDEX(Q2:Q401,COUNT(B2:B401))
A6: =IF(Prices!A6="","",Prices!A6) | B6: =IF(Prices!E6="","",Prices!E6) | C6: =IF(Prices!C6="","",Prices!C6) | D6: =IF(Prices!D6="","",Prices!D6) | H6: =MAX(B6-B5,0) | I6: =MAX(B5-B6,0) | O6: =IF(ISNUMBER(L6),L6<30,FALSE) | P6: =IF(ISNUMBER(N6),N6<20,FALSE) | Q6: =FALSE | R6: =FALSE | S6: =IF(ISNUMBER(G6),B6<G6,FALSE) | T6: =OR(O6,P6,Q6,R6,S6) | V6: 200-day pullback | W6: =INDEX(R2:R401,COUNT(B2:B401))
A7: =IF(Prices!A7="","",Prices!A7) | B7: =IF(Prices!E7="","",Prices!E7) | C7: =IF(Prices!C7="","",Prices!C7) | D7: =IF(Prices!D7="","",Prices!D7) | H7: =MAX(B7-B6,0) | I7: =MAX(B6-B7,0) | O7: =IF(ISNUMBER(L7),L7<30,FALSE) | P7: =IF(ISNUMBER(N7),N7<20,FALSE) | Q7: =FALSE | R7: =FALSE | S7: =IF(ISNUMBER(G7),B7<G7,FALSE) | T7: =OR(O7,P7,Q7,R7,S7) | V7: Below Bollinger band | W7: =INDEX(S2:S401,COUNT(B2:B401))
A8: =IF(Prices!A8="","",Prices!A8) | B8: =IF(Prices!E8="","",Prices!E8) | C8: =IF(Prices!C8="","",Prices!C8) | D8: =IF(Prices!D8="","",Prices!D8) | H8: =MAX(B8-B7,0) | I8: =MAX(B7-B8,0) | O8: =IF(ISNUMBER(L8),L8<30,FALSE) | P8: =IF(ISNUMBER(N8),N8<20,FALSE) | Q8: =FALSE | R8: =FALSE | S8: =IF(ISNUMBER(G8),B8<G8,FALSE) | T8: =OR(O8,P8,Q8,R8,S8) | V8: Any signal today? | W8: =INDEX(T2:T401,COUNT(B2:B401))
A9: =IF(Prices!A9="","",Prices!A9) | B9: =IF(Prices!E9="","",Prices!E9) | C9: =IF(Prices!C9="","",Prices!C9) | D9: =IF(Prices!D9="","",Prices!D9) | H9: =MAX(B9-B8,0) | I9: =MAX(B8-B9,0) | O9: =IF(ISNUMBER(L9),L9<30,FALSE) | P9: =IF(ISNUMBER(N9),N9<20,FALSE) | Q9: =FALSE | R9: =FALSE | S9: =IF(ISNUMBER(G9),B9<G9,FALSE) | T9: =OR(O9,P9,Q9,R9,S9)
A10: =IF(Prices!A10="","",Prices!A10) | B10: =IF(Prices!E10="","",Prices!E10) | C10: =IF(Prices!C10="","",Prices!C10) | D10: =IF(Prices!D10="","",Prices!D10) | H10: =MAX(B10-B9,0) | I10: =MAX(B9-B10,0) | O10: =IF(ISNUMBER(L10),L10<30,FALSE) | P10: =IF(ISNUMBER(N10),N10<20,FALSE) | Q10: =FALSE | R10: =FALSE | S10: =IF(ISNUMBER(G10),B10<G10,FALSE) | T10: =OR(O10,P10,Q10,R10,S10) | V10: A signal is read after the close and acted on the next trading day. Educational only, not advice.
A11: =IF(Prices!A11="","",Prices!A11) | B11: =IF(Prices!E11="","",Prices!E11) | C11: =IF(Prices!C11="","",Prices!C11) | D11: =IF(Prices!D11="","",Prices!D11) | H11: =MAX(B11-B10,0) | I11: =MAX(B10-B11,0) | O11: =IF(ISNUMBER(L11),L11<30,FALSE) | P11: =IF(ISNUMBER(N11),N11<20,FALSE) | Q11: =FALSE | R11: =FALSE | S11: =IF(ISNUMBER(G11),B11<G11,FALSE) | T11: =OR(O11,P11,Q11,R11,S11)
A12: =IF(Prices!A12="","",Prices!A12) | B12: =IF(Prices!E12="","",Prices!E12) | C12: =IF(Prices!C12="","",Prices!C12) | D12: =IF(Prices!D12="","",Prices!D12) | H12: =MAX(B12-B11,0) | I12: =MAX(B11-B12,0) | O12: =IF(ISNUMBER(L12),L12<30,FALSE) | P12: =IF(ISNUMBER(N12),N12<20,FALSE) | Q12: =FALSE | R12: =FALSE | S12: =IF(ISNUMBER(G12),B12<G12,FALSE) | T12: =OR(O12,P12,Q12,R12,S12)
A13: =IF(Prices!A13="","",Prices!A13) | B13: =IF(Prices!E13="","",Prices!E13) | C13: =IF(Prices!C13="","",Prices!C13) | D13: =IF(Prices!D13="","",Prices!D13) | H13: =MAX(B13-B12,0) | I13: =MAX(B12-B13,0) | O13: =IF(ISNUMBER(L13),L13<30,FALSE) | P13: =IF(ISNUMBER(N13),N13<20,FALSE) | Q13: =FALSE | R13: =FALSE | S13: =IF(ISNUMBER(G13),B13<G13,FALSE) | T13: =OR(O13,P13,Q13,R13,S13)
A14: =IF(Prices!A14="","",Prices!A14) | B14: =IF(Prices!E14="","",Prices!E14) | C14: =IF(Prices!C14="","",Prices!C14) | D14: =IF(Prices!D14="","",Prices!D14) | H14: =MAX(B14-B13,0) | I14: =MAX(B13-B14,0) | O14: =IF(ISNUMBER(L14),L14<30,FALSE) | P14: =IF(ISNUMBER(N14),N14<20,FALSE) | Q14: =FALSE | R14: =FALSE | S14: =IF(ISNUMBER(G14),B14<G14,FALSE) | T14: =OR(O14,P14,Q14,R14,S14)
A15: =IF(Prices!A15="","",Prices!A15) | B15: =IF(Prices!E15="","",Prices!E15) | C15: =IF(Prices!C15="","",Prices!C15) | D15: =IF(Prices!D15="","",Prices!D15) | H15: =MAX(B15-B14,0) | I15: =MAX(B14-B15,0) | M15: =IF(MAX(C2:C15)=MIN(D2:D15),50,100*(B15-MIN(D2:D15))/(MAX(C2:C15)-MIN(D2:D15))) | O15: =IF(ISNUMBER(L15),L15<30,FALSE) | P15: =IF(ISNUMBER(N15),N15<20,FALSE) | Q15: =FALSE | R15: =FALSE | S15: =IF(ISNUMBER(G15),B15<G15,FALSE) | T15: =OR(O15,P15,Q15,R15,S15)
A16: =IF(Prices!A16="","",Prices!A16) | B16: =IF(Prices!E16="","",Prices!E16) | C16: =IF(Prices!C16="","",Prices!C16) | D16: =IF(Prices!D16="","",Prices!D16) | H16: =MAX(B16-B15,0) | I16: =MAX(B15-B16,0) | J16: =AVERAGE(H3:H16) | K16: =AVERAGE(I3:I16) | L16: =IF(K16=0,100,100-100/(1+J16/K16)) | M16: =IF(MAX(C3:C16)=MIN(D3:D16),50,100*(B16-MIN(D3:D16))/(MAX(C3:C16)-MIN(D3:D16))) | O16: =IF(ISNUMBER(L16),L16<30,FALSE) | P16: =IF(ISNUMBER(N16),N16<20,FALSE) | Q16: =FALSE | R16: =FALSE | S16: =IF(ISNUMBER(G16),B16<G16,FALSE) | T16: =OR(O16,P16,Q16,R16,S16)
A17: =IF(Prices!A17="","",Prices!A17) | B17: =IF(Prices!E17="","",Prices!E17) | C17: =IF(Prices!C17="","",Prices!C17) | D17: =IF(Prices!D17="","",Prices!D17) | H17: =MAX(B17-B16,0) | I17: =MAX(B16-B17,0) | J17: =(J16*13+H17)/14 | K17: =(K16*13+I17)/14 | L17: =IF(K17=0,100,100-100/(1+J17/K17)) | M17: =IF(MAX(C4:C17)=MIN(D4:D17),50,100*(B17-MIN(D4:D17))/(MAX(C4:C17)-MIN(D4:D17))) | N17: =AVERAGE(M15:M17) | O17: =IF(ISNUMBER(L17),L17<30,FALSE) | P17: =IF(ISNUMBER(N17),N17<20,FALSE) | Q17: =FALSE | R17: =FALSE | S17: =IF(ISNUMBER(G17),B17<G17,FALSE) | T17: =OR(O17,P17,Q17,R17,S17)
A18: =IF(Prices!A18="","",Prices!A18) | B18: =IF(Prices!E18="","",Prices!E18) | C18: =IF(Prices!C18="","",Prices!C18) | D18: =IF(Prices!D18="","",Prices!D18) | H18: =MAX(B18-B17,0) | I18: =MAX(B17-B18,0) | J18: =(J17*13+H18)/14 | K18: =(K17*13+I18)/14 | L18: =IF(K18=0,100,100-100/(1+J18/K18)) | M18: =IF(MAX(C5:C18)=MIN(D5:D18),50,100*(B18-MIN(D5:D18))/(MAX(C5:C18)-MIN(D5:D18))) | N18: =AVERAGE(M16:M18) | O18: =IF(ISNUMBER(L18),L18<30,FALSE) | P18: =IF(ISNUMBER(N18),N18<20,FALSE) | Q18: =FALSE | R18: =FALSE | S18: =IF(ISNUMBER(G18),B18<G18,FALSE) | T18: =OR(O18,P18,Q18,R18,S18)
A19: =IF(Prices!A19="","",Prices!A19) | B19: =IF(Prices!E19="","",Prices!E19) | C19: =IF(Prices!C19="","",Prices!C19) | D19: =IF(Prices!D19="","",Prices!D19) | H19: =MAX(B19-B18,0) | I19: =MAX(B18-B19,0) | J19: =(J18*13+H19)/14 | K19: =(K18*13+I19)/14 | L19: =IF(K19=0,100,100-100/(1+J19/K19)) | M19: =IF(MAX(C6:C19)=MIN(D6:D19),50,100*(B19-MIN(D6:D19))/(MAX(C6:C19)-MIN(D6:D19))) | N19: =AVERAGE(M17:M19) | O19: =IF(ISNUMBER(L19),L19<30,FALSE) | P19: =IF(ISNUMBER(N19),N19<20,FALSE) | Q19: =FALSE | R19: =FALSE | S19: =IF(ISNUMBER(G19),B19<G19,FALSE) | T19: =OR(O19,P19,Q19,R19,S19)
A20: =IF(Prices!A20="","",Prices!A20) | B20: =IF(Prices!E20="","",Prices!E20) | C20: =IF(Prices!C20="","",Prices!C20) | D20: =IF(Prices!D20="","",Prices!D20) | H20: =MAX(B20-B19,0) | I20: =MAX(B19-B20,0) | J20: =(J19*13+H20)/14 | K20: =(K19*13+I20)/14 | L20: =IF(K20=0,100,100-100/(1+J20/K20)) | M20: =IF(MAX(C7:C20)=MIN(D7:D20),50,100*(B20-MIN(D7:D20))/(MAX(C7:C20)-MIN(D7:D20))) | N20: =AVERAGE(M18:M20) | O20: =IF(ISNUMBER(L20),L20<30,FALSE) | P20: =IF(ISNUMBER(N20),N20<20,FALSE) | Q20: =FALSE | R20: =FALSE | S20: =IF(ISNUMBER(G20),B20<G20,FALSE) | T20: =OR(O20,P20,Q20,R20,S20)
A21: =IF(Prices!A21="","",Prices!A21) | B21: =IF(Prices!E21="","",Prices!E21) | C21: =IF(Prices!C21="","",Prices!C21) | D21: =IF(Prices!D21="","",Prices!D21) | G21: =AVERAGE(B2:B21)-2*STDEV.P(B2:B21) | H21: =MAX(B21-B20,0) | I21: =MAX(B20-B21,0) | J21: =(J20*13+H21)/14 | K21: =(K20*13+I21)/14 | L21: =IF(K21=0,100,100-100/(1+J21/K21)) | M21: =IF(MAX(C8:C21)=MIN(D8:D21),50,100*(B21-MIN(D8:D21))/(MAX(C8:C21)-MIN(D8:D21))) | N21: =AVERAGE(M19:M21) | O21: =IF(ISNUMBER(L21),L21<30,FALSE) | P21: =IF(ISNUMBER(N21),N21<20,FALSE) | Q21: =FALSE | R21: =FALSE | S21: =IF(ISNUMBER(G21),B21<G21,FALSE) | T21: =OR(O21,P21,Q21,R21,S21)
A22: =IF(Prices!A22="","",Prices!A22) | B22: =IF(Prices!E22="","",Prices!E22) | C22: =IF(Prices!C22="","",Prices!C22) | D22: =IF(Prices!D22="","",Prices!D22) | G22: =AVERAGE(B3:B22)-2*STDEV.P(B3:B22) | H22: =MAX(B22-B21,0) | I22: =MAX(B21-B22,0) | J22: =(J21*13+H22)/14 | K22: =(K21*13+I22)/14 | L22: =IF(K22=0,100,100-100/(1+J22/K22)) | M22: =IF(MAX(C9:C22)=MIN(D9:D22),50,100*(B22-MIN(D9:D22))/(MAX(C9:C22)-MIN(D9:D22))) | N22: =AVERAGE(M20:M22) | O22: =IF(ISNUMBER(L22),L22<30,FALSE) | P22: =IF(ISNUMBER(N22),N22<20,FALSE) | Q22: =FALSE | R22: =FALSE | S22: =IF(ISNUMBER(G22),B22<G22,FALSE) | T22: =OR(O22,P22,Q22,R22,S22)
A23: =IF(Prices!A23="","",Prices!A23) | B23: =IF(Prices!E23="","",Prices!E23) | C23: =IF(Prices!C23="","",Prices!C23) | D23: =IF(Prices!D23="","",Prices!D23) | G23: =AVERAGE(B4:B23)-2*STDEV.P(B4:B23) | H23: =MAX(B23-B22,0) | I23: =MAX(B22-B23,0) | J23: =(J22*13+H23)/14 | K23: =(K22*13+I23)/14 | L23: =IF(K23=0,100,100-100/(1+J23/K23)) | M23: =IF(MAX(C10:C23)=MIN(D10:D23),50,100*(B23-MIN(D10:D23))/(MAX(C10:C23)-MIN(D10:D23))) | N23: =AVERAGE(M21:M23) | O23: =IF(ISNUMBER(L23),L23<30,FALSE) | P23: =IF(ISNUMBER(N23),N23<20,FALSE) | Q23: =FALSE | R23: =FALSE | S23: =IF(ISNUMBER(G23),B23<G23,FALSE) | T23: =OR(O23,P23,Q23,R23,S23)
A24: =IF(Prices!A24="","",Prices!A24) | B24: =IF(Prices!E24="","",Prices!E24) | C24: =IF(Prices!C24="","",Prices!C24) | D24: =IF(Prices!D24="","",Prices!D24) | G24: =AVERAGE(B5:B24)-2*STDEV.P(B5:B24) | H24: =MAX(B24-B23,0) | I24: =MAX(B23-B24,0) | J24: =(J23*13+H24)/14 | K24: =(K23*13+I24)/14 | L24: =IF(K24=0,100,100-100/(1+J24/K24)) | M24: =IF(MAX(C11:C24)=MIN(D11:D24),50,100*(B24-MIN(D11:D24))/(MAX(C11:C24)-MIN(D11:D24))) | N24: =AVERAGE(M22:M24) | O24: =IF(ISNUMBER(L24),L24<30,FALSE) | P24: =IF(ISNUMBER(N24),N24<20,FALSE) | Q24: =FALSE | R24: =FALSE | S24: =IF(ISNUMBER(G24),B24<G24,FALSE) | T24: =OR(O24,P24,Q24,R24,S24)
A25: =IF(Prices!A25="","",Prices!A25) | B25: =IF(Prices!E25="","",Prices!E25) | C25: =IF(Prices!C25="","",Prices!C25) | D25: =IF(Prices!D25="","",Prices!D25) | G25: =AVERAGE(B6:B25)-2*STDEV.P(B6:B25) | H25: =MAX(B25-B24,0) | I25: =MAX(B24-B25,0) | J25: =(J24*13+H25)/14 | K25: =(K24*13+I25)/14 | L25: =IF(K25=0,100,100-100/(1+J25/K25)) | M25: =IF(MAX(C12:C25)=MIN(D12:D25),50,100*(B25-MIN(D12:D25))/(MAX(C12:C25)-MIN(D12:D25))) | N25: =AVERAGE(M23:M25) | O25: =IF(ISNUMBER(L25),L25<30,FALSE) | P25: =IF(ISNUMBER(N25),N25<20,FALSE) | Q25: =FALSE | R25: =FALSE | S25: =IF(ISNUMBER(G25),B25<G25,FALSE) | T25: =OR(O25,P25,Q25,R25,S25)
A26: =IF(Prices!A26="","",Prices!A26) | B26: =IF(Prices!E26="","",Prices!E26) | C26: =IF(Prices!C26="","",Prices!C26) | D26: =IF(Prices!D26="","",Prices!D26) | G26: =AVERAGE(B7:B26)-2*STDEV.P(B7:B26) | H26: =MAX(B26-B25,0) | I26: =MAX(B25-B26,0) | J26: =(J25*13+H26)/14 | K26: =(K25*13+I26)/14 | L26: =IF(K26=0,100,100-100/(1+J26/K26)) | M26: =IF(MAX(C13:C26)=MIN(D13:D26),50,100*(B26-MIN(D13:D26))/(MAX(C13:C26)-MIN(D13:D26))) | N26: =AVERAGE(M24:M26) | O26: =IF(ISNUMBER(L26),L26<30,FALSE) | P26: =IF(ISNUMBER(N26),N26<20,FALSE) | Q26: =FALSE | R26: =FALSE | S26: =IF(ISNUMBER(G26),B26<G26,FALSE) | T26: =OR(O26,P26,Q26,R26,S26)
A27: =IF(Prices!A27="","",Prices!A27) | B27: =IF(Prices!E27="","",Prices!E27) | C27: =IF(Prices!C27="","",Prices!C27) | D27: =IF(Prices!D27="","",Prices!D27) | G27: =AVERAGE(B8:B27)-2*STDEV.P(B8:B27) | H27: =MAX(B27-B26,0) | I27: =MAX(B26-B27,0) | J27: =(J26*13+H27)/14 | K27: =(K26*13+I27)/14 | L27: =IF(K27=0,100,100-100/(1+J27/K27)) | M27: =IF(MAX(C14:C27)=MIN(D14:D27),50,100*(B27-MIN(D14:D27))/(MAX(C14:C27)-MIN(D14:D27))) | N27: =AVERAGE(M25:M27) | O27: =IF(ISNUMBER(L27),L27<30,FALSE) | P27: =IF(ISNUMBER(N27),N27<20,FALSE) | Q27: =FALSE | R27: =FALSE | S27: =IF(ISNUMBER(G27),B27<G27,FALSE) | T27: =OR(O27,P27,Q27,R27,S27)
A28: =IF(Prices!A28="","",Prices!A28) | B28: =IF(Prices!E28="","",Prices!E28) | C28: =IF(Prices!C28="","",Prices!C28) | D28: =IF(Prices!D28="","",Prices!D28) | G28: =AVERAGE(B9:B28)-2*STDEV.P(B9:B28) | H28: =MAX(B28-B27,0) | I28: =MAX(B27-B28,0) | J28: =(J27*13+H28)/14 | K28: =(K27*13+I28)/14 | L28: =IF(K28=0,100,100-100/(1+J28/K28)) | M28: =IF(MAX(C15:C28)=MIN(D15:D28),50,100*(B28-MIN(D15:D28))/(MAX(C15:C28)-MIN(D15:D28))) | N28: =AVERAGE(M26:M28) | O28: =IF(ISNUMBER(L28),L28<30,FALSE) | P28: =IF(ISNUMBER(N28),N28<20,FALSE) | Q28: =FALSE | R28: =FALSE | S28: =IF(ISNUMBER(G28),B28<G28,FALSE) | T28: =OR(O28,P28,Q28,R28,S28)
A29: =IF(Prices!A29="","",Prices!A29) | B29: =IF(Prices!E29="","",Prices!E29) | C29: =IF(Prices!C29="","",Prices!C29) | D29: =IF(Prices!D29="","",Prices!D29) | G29: =AVERAGE(B10:B29)-2*STDEV.P(B10:B29) | H29: =MAX(B29-B28,0) | I29: =MAX(B28-B29,0) | J29: =(J28*13+H29)/14 | K29: =(K28*13+I29)/14 | L29: =IF(K29=0,100,100-100/(1+J29/K29)) | M29: =IF(MAX(C16:C29)=MIN(D16:D29),50,100*(B29-MIN(D16:D29))/(MAX(C16:C29)-MIN(D16:D29))) | N29: =AVERAGE(M27:M29) | O29: =IF(ISNUMBER(L29),L29<30,FALSE) | P29: =IF(ISNUMBER(N29),N29<20,FALSE) | Q29: =FALSE | R29: =FALSE | S29: =IF(ISNUMBER(G29),B29<G29,FALSE) | T29: =OR(O29,P29,Q29,R29,S29)
A30: =IF(Prices!A30="","",Prices!A30) | B30: =IF(Prices!E30="","",Prices!E30) | C30: =IF(Prices!C30="","",Prices!C30) | D30: =IF(Prices!D30="","",Prices!D30) | G30: =AVERAGE(B11:B30)-2*STDEV.P(B11:B30) | H30: =MAX(B30-B29,0) | I30: =MAX(B29-B30,0) | J30: =(J29*13+H30)/14 | K30: =(K29*13+I30)/14 | L30: =IF(K30=0,100,100-100/(1+J30/K30)) | M30: =IF(MAX(C17:C30)=MIN(D17:D30),50,100*(B30-MIN(D17:D30))/(MAX(C17:C30)-MIN(D17:D30))) | N30: =AVERAGE(M28:M30) | O30: =IF(ISNUMBER(L30),L30<30,FALSE) | P30: =IF(ISNUMBER(N30),N30<20,FALSE) | Q30: =FALSE | R30: =FALSE | S30: =IF(ISNUMBER(G30),B30<G30,FALSE) | T30: =OR(O30,P30,Q30,R30,S30)
A31: =IF(Prices!A31="","",Prices!A31) | B31: =IF(Prices!E31="","",Prices!E31) | C31: =IF(Prices!C31="","",Prices!C31) | D31: =IF(Prices!D31="","",Prices!D31) | G31: =AVERAGE(B12:B31)-2*STDEV.P(B12:B31) | H31: =MAX(B31-B30,0) | I31: =MAX(B30-B31,0) | J31: =(J30*13+H31)/14 | K31: =(K30*13+I31)/14 | L31: =IF(K31=0,100,100-100/(1+J31/K31)) | M31: =IF(MAX(C18:C31)=MIN(D18:D31),50,100*(B31-MIN(D18:D31))/(MAX(C18:C31)-MIN(D18:D31))) | N31: =AVERAGE(M29:M31) | O31: =IF(ISNUMBER(L31),L31<30,FALSE) | P31: =IF(ISNUMBER(N31),N31<20,FALSE) | Q31: =FALSE | R31: =FALSE | S31: =IF(ISNUMBER(G31),B31<G31,FALSE) | T31: =OR(O31,P31,Q31,R31,S31)
A32: =IF(Prices!A32="","",Prices!A32) | B32: =IF(Prices!E32="","",Prices!E32) | C32: =IF(Prices!C32="","",Prices!C32) | D32: =IF(Prices!D32="","",Prices!D32) | G32: =AVERAGE(B13:B32)-2*STDEV.P(B13:B32) | H32: =MAX(B32-B31,0) | I32: =MAX(B31-B32,0) | J32: =(J31*13+H32)/14 | K32: =(K31*13+I32)/14 | L32: =IF(K32=0,100,100-100/(1+J32/K32)) | M32: =IF(MAX(C19:C32)=MIN(D19:D32),50,100*(B32-MIN(D19:D32))/(MAX(C19:C32)-MIN(D19:D32))) | N32: =AVERAGE(M30:M32) | O32: =IF(ISNUMBER(L32),L32<30,FALSE) | P32: =IF(ISNUMBER(N32),N32<20,FALSE) | Q32: =FALSE | R32: =FALSE | S32: =IF(ISNUMBER(G32),B32<G32,FALSE) | T32: =OR(O32,P32,Q32,R32,S32)
... A50: =IF(Prices!A50="","",Prices!A50) | B50: =IF(Prices!E50="","",Prices!E50) | C50: =IF(Prices!C50="","",Prices!C50) | D50: =IF(Prices!D50="","",Prices!D50) | G50: =AVERAGE(B31:B50)-2*STDEV.P(B31:B50) | H50: =MAX(B50-B49,0) | I50: =MAX(B49-B50,0) | J50: =(J49*13+H50)/14 | K50: =(K49*13+I50)/14 | L50: =IF(K50=0,100,100-100/(1+J50/K50)) | M50: =IF(MAX(C37:C50)=MIN(D37:D50),50,100*(B50-MIN(D37:D50))/(MAX(C37:C50)-MIN(D37:D50))) | N50: =AVERAGE(M48:M50) | O50: =IF(ISNUMBER(L50),L50<30,FALSE) | P50: =IF(ISNUMBER(N50),N50<20,FALSE) | Q50: =FALSE | R50: =FALSE | S50: =IF(ISNUMBER(G50),B50<G50,FALSE) | T50: =OR(O50,P50,Q50,R50,S50)
A51: =IF(Prices!A51="","",Prices!A51) | B51: =IF(Prices!E51="","",Prices!E51) | C51: =IF(Prices!C51="","",Prices!C51) | D51: =IF(Prices!D51="","",Prices!D51) | E51: =AVERAGE(B2:B51) | G51: =AVERAGE(B32:B51)-2*STDEV.P(B32:B51) | H51: =MAX(B51-B50,0) | I51: =MAX(B50-B51,0) | J51: =(J50*13+H51)/14 | K51: =(K50*13+I51)/14 | L51: =IF(K51=0,100,100-100/(1+J51/K51)) | M51: =IF(MAX(C38:C51)=MIN(D38:D51),50,100*(B51-MIN(D38:D51))/(MAX(C38:C51)-MIN(D38:D51))) | N51: =AVERAGE(M49:M51) | O51: =IF(ISNUMBER(L51),L51<30,FALSE) | P51: =IF(ISNUMBER(N51),N51<20,FALSE) | Q51: =FALSE | R51: =FALSE | S51: =IF(ISNUMBER(G51),B51<G51,FALSE) | T51: =OR(O51,P51,Q51,R51,S51)
A52: =IF(Prices!A52="","",Prices!A52) | B52: =IF(Prices!E52="","",Prices!E52) | C52: =IF(Prices!C52="","",Prices!C52) | D52: =IF(Prices!D52="","",Prices!D52) | E52: =AVERAGE(B3:B52) | G52: =AVERAGE(B33:B52)-2*STDEV.P(B33:B52) | H52: =MAX(B52-B51,0) | I52: =MAX(B51-B52,0) | J52: =(J51*13+H52)/14 | K52: =(K51*13+I52)/14 | L52: =IF(K52=0,100,100-100/(1+J52/K52)) | M52: =IF(MAX(C39:C52)=MIN(D39:D52),50,100*(B52-MIN(D39:D52))/(MAX(C39:C52)-MIN(D39:D52))) | N52: =AVERAGE(M50:M52) | O52: =IF(ISNUMBER(L52),L52<30,FALSE) | P52: =IF(ISNUMBER(N52),N52<20,FALSE) | Q52: =FALSE | R52: =FALSE | S52: =IF(ISNUMBER(G52),B52<G52,FALSE) | T52: =OR(O52,P52,Q52,R52,S52)
A53: =IF(Prices!A53="","",Prices!A53) | B53: =IF(Prices!E53="","",Prices!E53) | C53: =IF(Prices!C53="","",Prices!C53) | D53: =IF(Prices!D53="","",Prices!D53) | E53: =AVERAGE(B4:B53) | G53: =AVERAGE(B34:B53)-2*STDEV.P(B34:B53) | H53: =MAX(B53-B52,0) | I53: =MAX(B52-B53,0) | J53: =(J52*13+H53)/14 | K53: =(K52*13+I53)/14 | L53: =IF(K53=0,100,100-100/(1+J53/K53)) | M53: =IF(MAX(C40:C53)=MIN(D40:D53),50,100*(B53-MIN(D40:D53))/(MAX(C40:C53)-MIN(D40:D53))) | N53: =AVERAGE(M51:M53) | O53: =IF(ISNUMBER(L53),L53<30,FALSE) | P53: =IF(ISNUMBER(N53),N53<20,FALSE) | Q53: =FALSE | R53: =FALSE | S53: =IF(ISNUMBER(G53),B53<G53,FALSE) | T53: =OR(O53,P53,Q53,R53,S53)
A54: =IF(Prices!A54="","",Prices!A54) | B54: =IF(Prices!E54="","",Prices!E54) | C54: =IF(Prices!C54="","",Prices!C54) | D54: =IF(Prices!D54="","",Prices!D54) | E54: =AVERAGE(B5:B54) | G54: =AVERAGE(B35:B54)-2*STDEV.P(B35:B54) | H54: =MAX(B54-B53,0) | I54: =MAX(B53-B54,0) | J54: =(J53*13+H54)/14 | K54: =(K53*13+I54)/14 | L54: =IF(K54=0,100,100-100/(1+J54/K54)) | M54: =IF(MAX(C41:C54)=MIN(D41:D54),50,100*(B54-MIN(D41:D54))/(MAX(C41:C54)-MIN(D41:D54))) | N54: =AVERAGE(M52:M54) | O54: =IF(ISNUMBER(L54),L54<30,FALSE) | P54: =IF(ISNUMBER(N54),N54<20,FALSE) | Q54: =FALSE | R54: =FALSE | S54: =IF(ISNUMBER(G54),B54<G54,FALSE) | T54: =OR(O54,P54,Q54,R54,S54)
A55: =IF(Prices!A55="","",Prices!A55) | B55: =IF(Prices!E55="","",Prices!E55) | C55: =IF(Prices!C55="","",Prices!C55) | D55: =IF(Prices!D55="","",Prices!D55) | E55: =AVERAGE(B6:B55) | G55: =AVERAGE(B36:B55)-2*STDEV.P(B36:B55) | H55: =MAX(B55-B54,0) | I55: =MAX(B54-B55,0) | J55: =(J54*13+H55)/14 | K55: =(K54*13+I55)/14 | L55: =IF(K55=0,100,100-100/(1+J55/K55)) | M55: =IF(MAX(C42:C55)=MIN(D42:D55),50,100*(B55-MIN(D42:D55))/(MAX(C42:C55)-MIN(D42:D55))) | N55: =AVERAGE(M53:M55) | O55: =IF(ISNUMBER(L55),L55<30,FALSE) | P55: =IF(ISNUMBER(N55),N55<20,FALSE) | Q55: =FALSE | R55: =FALSE | S55: =IF(ISNUMBER(G55),B55<G55,FALSE) | T55: =OR(O55,P55,Q55,R55,S55)
A56: =IF(Prices!A56="","",Prices!A56) | B56: =IF(Prices!E56="","",Prices!E56) | C56: =IF(Prices!C56="","",Prices!C56) | D56: =IF(Prices!D56="","",Prices!D56) | E56: =AVERAGE(B7:B56) | G56: =AVERAGE(B37:B56)-2*STDEV.P(B37:B56) | H56: =MAX(B56-B55,0) | I56: =MAX(B55-B56,0) | J56: =(J55*13+H56)/14 | K56: =(K55*13+I56)/14 | L56: =IF(K56=0,100,100-100/(1+J56/K56)) | M56: =IF(MAX(C43:C56)=MIN(D43:D56),50,100*(B56-MIN(D43:D56))/(MAX(C43:C56)-MIN(D43:D56))) | N56: =AVERAGE(M54:M56) | O56: =IF(ISNUMBER(L56),L56<30,FALSE) | P56: =IF(ISNUMBER(N56),N56<20,FALSE) | Q56: =FALSE | R56: =FALSE | S56: =IF(ISNUMBER(G56),B56<G56,FALSE) | T56: =OR(O56,P56,Q56,R56,S56)
A57: =IF(Prices!A57="","",Prices!A57) | B57: =IF(Prices!E57="","",Prices!E57) | C57: =IF(Prices!C57="","",Prices!C57) | D57: =IF(Prices!D57="","",Prices!D57) | E57: =AVERAGE(B8:B57) | G57: =AVERAGE(B38:B57)-2*STDEV.P(B38:B57) | H57: =MAX(B57-B56,0) | I57: =MAX(B56-B57,0) | J57: =(J56*13+H57)/14 | K57: =(K56*13+I57)/14 | L57: =IF(K57=0,100,100-100/(1+J57/K57)) | M57: =IF(MAX(C44:C57)=MIN(D44:D57),50,100*(B57-MIN(D44:D57))/(MAX(C44:C57)-MIN(D44:D57))) | N57: =AVERAGE(M55:M57) | O57: =IF(ISNUMBER(L57),L57<30,FALSE) | P57: =IF(ISNUMBER(N57),N57<20,FALSE) | Q57: =FALSE | R57: =FALSE | S57: =IF(ISNUMBER(G57),B57<G57,FALSE) | T57: =OR(O57,P57,Q57,R57,S57)
A58: =IF(Prices!A58="","",Prices!A58) | B58: =IF(Prices!E58="","",Prices!E58) | C58: =IF(Prices!C58="","",Prices!C58) | D58: =IF(Prices!D58="","",Prices!D58) | E58: =AVERAGE(B9:B58) | G58: =AVERAGE(B39:B58)-2*STDEV.P(B39:B58) | H58: =MAX(B58-B57,0) | I58: =MAX(B57-B58,0) | J58: =(J57*13+H58)/14 | K58: =(K57*13+I58)/14 | L58: =IF(K58=0,100,100-100/(1+J58/K58)) | M58: =IF(MAX(C45:C58)=MIN(D45:D58),50,100*(B58-MIN(D45:D58))/(MAX(C45:C58)-MIN(D45:D58))) | N58: =AVERAGE(M56:M58) | O58: =IF(ISNUMBER(L58),L58<30,FALSE) | P58: =IF(ISNUMBER(N58),N58<20,FALSE) | Q58: =FALSE | R58: =FALSE | S58: =IF(ISNUMBER(G58),B58<G58,FALSE) | T58: =OR(O58,P58,Q58,R58,S58)
A59: =IF(Prices!A59="","",Prices!A59) | B59: =IF(Prices!E59="","",Prices!E59) | C59: =IF(Prices!C59="","",Prices!C59) | D59: =IF(Prices!D59="","",Prices!D59) | E59: =AVERAGE(B10:B59) | G59: =AVERAGE(B40:B59)-2*STDEV.P(B40:B59) | H59: =MAX(B59-B58,0) | I59: =MAX(B58-B59,0) | J59: =(J58*13+H59)/14 | K59: =(K58*13+I59)/14 | L59: =IF(K59=0,100,100-100/(1+J59/K59)) | M59: =IF(MAX(C46:C59)=MIN(D46:D59),50,100*(B59-MIN(D46:D59))/(MAX(C46:C59)-MIN(D46:D59))) | N59: =AVERAGE(M57:M59) | O59: =IF(ISNUMBER(L59),L59<30,FALSE) | P59: =IF(ISNUMBER(N59),N59<20,FALSE) | Q59: =FALSE | R59: =FALSE | S59: =IF(ISNUMBER(G59),B59<G59,FALSE) | T59: =OR(O59,P59,Q59,R59,S59)
A60: =IF(Prices!A60="","",Prices!A60) | B60: =IF(Prices!E60="","",Prices!E60) | C60: =IF(Prices!C60="","",Prices!C60) | D60: =IF(Prices!D60="","",Prices!D60) | E60: =AVERAGE(B11:B60) | G60: =AVERAGE(B41:B60)-2*STDEV.P(B41:B60) | H60: =MAX(B60-B59,0) | I60: =MAX(B59-B60,0) | J60: =(J59*13+H60)/14 | K60: =(K59*13+I60)/14 | L60: =IF(K60=0,100,100-100/(1+J60/K60)) | M60: =IF(MAX(C47:C60)=MIN(D47:D60),50,100*(B60-MIN(D47:D60))/(MAX(C47:C60)-MIN(D47:D60))) | N60: =AVERAGE(M58:M60) | O60: =IF(ISNUMBER(L60),L60<30,FALSE) | P60: =IF(ISNUMBER(N60),N60<20,FALSE) | Q60: =FALSE | R60: =FALSE | S60: =IF(ISNUMBER(G60),B60<G60,FALSE) | T60: =OR(O60,P60,Q60,R60,S60)
A61: =IF(Prices!A61="","",Prices!A61) | B61: =IF(Prices!E61="","",Prices!E61) | C61: =IF(Prices!C61="","",Prices!C61) | D61: =IF(Prices!D61="","",Prices!D61) | E61: =AVERAGE(B12:B61) | G61: =AVERAGE(B42:B61)-2*STDEV.P(B42:B61) | H61: =MAX(B61-B60,0) | I61: =MAX(B60-B61,0) | J61: =(J60*13+H61)/14 | K61: =(K60*13+I61)/14 | L61: =IF(K61=0,100,100-100/(1+J61/K61)) | M61: =IF(MAX(C48:C61)=MIN(D48:D61),50,100*(B61-MIN(D48:D61))/(MAX(C48:C61)-MIN(D48:D61))) | N61: =AVERAGE(M59:M61) | O61: =IF(ISNUMBER(L61),L61<30,FALSE) | P61: =IF(ISNUMBER(N61),N61<20,FALSE) | Q61: =FALSE | R61: =FALSE | S61: =IF(ISNUMBER(G61),B61<G61,FALSE) | T61: =OR(O61,P61,Q61,R61,S61)
A62: =IF(Prices!A62="","",Prices!A62) | B62: =IF(Prices!E62="","",Prices!E62) | C62: =IF(Prices!C62="","",Prices!C62) | D62: =IF(Prices!D62="","",Prices!D62) | E62: =AVERAGE(B13:B62) | G62: =AVERAGE(B43:B62)-2*STDEV.P(B43:B62) | H62: =MAX(B62-B61,0) | I62: =MAX(B61-B62,0) | J62: =(J61*13+H62)/14 | K62: =(K61*13+I62)/14 | L62: =IF(K62=0,100,100-100/(1+J62/K62)) | M62: =IF(MAX(C49:C62)=MIN(D49:D62),50,100*(B62-MIN(D49:D62))/(MAX(C49:C62)-MIN(D49:D62))) | N62: =AVERAGE(M60:M62) | O62: =IF(ISNUMBER(L62),L62<30,FALSE) | P62: =IF(ISNUMBER(N62),N62<20,FALSE) | Q62: =FALSE | R62: =FALSE | S62: =IF(ISNUMBER(G62),B62<G62,FALSE) | T62: =OR(O62,P62,Q62,R62,S62)
... A70: =IF(Prices!A70="","",Prices!A70) | B70: =IF(Prices!E70="","",Prices!E70) | C70: =IF(Prices!C70="","",Prices!C70) | D70: =IF(Prices!D70="","",Prices!D70) | E70: =AVERAGE(B21:B70) | G70: =AVERAGE(B51:B70)-2*STDEV.P(B51:B70) | H70: =MAX(B70-B69,0) | I70: =MAX(B69-B70,0) | J70: =(J69*13+H70)/14 | K70: =(K69*13+I70)/14 | L70: =IF(K70=0,100,100-100/(1+J70/K70)) | M70: =IF(MAX(C57:C70)=MIN(D57:D70),50,100*(B70-MIN(D57:D70))/(MAX(C57:C70)-MIN(D57:D70))) | N70: =AVERAGE(M68:M70) | O70: =IF(ISNUMBER(L70),L70<30,FALSE) | P70: =IF(ISNUMBER(N70),N70<20,FALSE) | Q70: =FALSE | R70: =FALSE | S70: =IF(ISNUMBER(G70),B70<G70,FALSE) | T70: =OR(O70,P70,Q70,R70,S70)
A71: =IF(Prices!A71="","",Prices!A71) | B71: =IF(Prices!E71="","",Prices!E71) | C71: =IF(Prices!C71="","",Prices!C71) | D71: =IF(Prices!D71="","",Prices!D71) | E71: =AVERAGE(B22:B71) | G71: =AVERAGE(B52:B71)-2*STDEV.P(B52:B71) | H71: =MAX(B71-B70,0) | I71: =MAX(B70-B71,0) | J71: =(J70*13+H71)/14 | K71: =(K70*13+I71)/14 | L71: =IF(K71=0,100,100-100/(1+J71/K71)) | M71: =IF(MAX(C58:C71)=MIN(D58:D71),50,100*(B71-MIN(D58:D71))/(MAX(C58:C71)-MIN(D58:D71))) | N71: =AVERAGE(M69:M71) | O71: =IF(ISNUMBER(L71),L71<30,FALSE) | P71: =IF(ISNUMBER(N71),N71<20,FALSE) | Q71: =IF(AND(ISNUMBER(E51),ISNUMBER(E71)),AND(E71>E51,B71<=E71*1.01,B70>E70*1.01),FALSE) | R71: =FALSE | S71: =IF(ISNUMBER(G71),B71<G71,FALSE) | T71: =OR(O71,P71,Q71,R71,S71)
A72: =IF(Prices!A72="","",Prices!A72) | B72: =IF(Prices!E72="","",Prices!E72) | C72: =IF(Prices!C72="","",Prices!C72) | D72: =IF(Prices!D72="","",Prices!D72) | E72: =AVERAGE(B23:B72) | G72: =AVERAGE(B53:B72)-2*STDEV.P(B53:B72) | H72: =MAX(B72-B71,0) | I72: =MAX(B71-B72,0) | J72: =(J71*13+H72)/14 | K72: =(K71*13+I72)/14 | L72: =IF(K72=0,100,100-100/(1+J72/K72)) | M72: =IF(MAX(C59:C72)=MIN(D59:D72),50,100*(B72-MIN(D59:D72))/(MAX(C59:C72)-MIN(D59:D72))) | N72: =AVERAGE(M70:M72) | O72: =IF(ISNUMBER(L72),L72<30,FALSE) | P72: =IF(ISNUMBER(N72),N72<20,FALSE) | Q72: =IF(AND(ISNUMBER(E52),ISNUMBER(E72)),AND(E72>E52,B72<=E72*1.01,B71>E71*1.01),FALSE) | R72: =FALSE | S72: =IF(ISNUMBER(G72),B72<G72,FALSE) | T72: =OR(O72,P72,Q72,R72,S72)
A73: =IF(Prices!A73="","",Prices!A73) | B73: =IF(Prices!E73="","",Prices!E73) | C73: =IF(Prices!C73="","",Prices!C73) | D73: =IF(Prices!D73="","",Prices!D73) | E73: =AVERAGE(B24:B73) | G73: =AVERAGE(B54:B73)-2*STDEV.P(B54:B73) | H73: =MAX(B73-B72,0) | I73: =MAX(B72-B73,0) | J73: =(J72*13+H73)/14 | K73: =(K72*13+I73)/14 | L73: =IF(K73=0,100,100-100/(1+J73/K73)) | M73: =IF(MAX(C60:C73)=MIN(D60:D73),50,100*(B73-MIN(D60:D73))/(MAX(C60:C73)-MIN(D60:D73))) | N73: =AVERAGE(M71:M73) | O73: =IF(ISNUMBER(L73),L73<30,FALSE) | P73: =IF(ISNUMBER(N73),N73<20,FALSE) | Q73: =IF(AND(ISNUMBER(E53),ISNUMBER(E73)),AND(E73>E53,B73<=E73*1.01,B72>E72*1.01),FALSE) | R73: =FALSE | S73: =IF(ISNUMBER(G73),B73<G73,FALSE) | T73: =OR(O73,P73,Q73,R73,S73)
A74: =IF(Prices!A74="","",Prices!A74) | B74: =IF(Prices!E74="","",Prices!E74) | C74: =IF(Prices!C74="","",Prices!C74) | D74: =IF(Prices!D74="","",Prices!D74) | E74: =AVERAGE(B25:B74) | G74: =AVERAGE(B55:B74)-2*STDEV.P(B55:B74) | H74: =MAX(B74-B73,0) | I74: =MAX(B73-B74,0) | J74: =(J73*13+H74)/14 | K74: =(K73*13+I74)/14 | L74: =IF(K74=0,100,100-100/(1+J74/K74)) | M74: =IF(MAX(C61:C74)=MIN(D61:D74),50,100*(B74-MIN(D61:D74))/(MAX(C61:C74)-MIN(D61:D74))) | N74: =AVERAGE(M72:M74) | O74: =IF(ISNUMBER(L74),L74<30,FALSE) | P74: =IF(ISNUMBER(N74),N74<20,FALSE) | Q74: =IF(AND(ISNUMBER(E54),ISNUMBER(E74)),AND(E74>E54,B74<=E74*1.01,B73>E73*1.01),FALSE) | R74: =FALSE | S74: =IF(ISNUMBER(G74),B74<G74,FALSE) | T74: =OR(O74,P74,Q74,R74,S74)
A75: =IF(Prices!A75="","",Prices!A75) | B75: =IF(Prices!E75="","",Prices!E75) | C75: =IF(Prices!C75="","",Prices!C75) | D75: =IF(Prices!D75="","",Prices!D75) | E75: =AVERAGE(B26:B75) | G75: =AVERAGE(B56:B75)-2*STDEV.P(B56:B75) | H75: =MAX(B75-B74,0) | I75: =MAX(B74-B75,0) | J75: =(J74*13+H75)/14 | K75: =(K74*13+I75)/14 | L75: =IF(K75=0,100,100-100/(1+J75/K75)) | M75: =IF(MAX(C62:C75)=MIN(D62:D75),50,100*(B75-MIN(D62:D75))/(MAX(C62:C75)-MIN(D62:D75))) | N75: =AVERAGE(M73:M75) | O75: =IF(ISNUMBER(L75),L75<30,FALSE) | P75: =IF(ISNUMBER(N75),N75<20,FALSE) | Q75: =IF(AND(ISNUMBER(E55),ISNUMBER(E75)),AND(E75>E55,B75<=E75*1.01,B74>E74*1.01),FALSE) | R75: =FALSE | S75: =IF(ISNUMBER(G75),B75<G75,FALSE) | T75: =OR(O75,P75,Q75,R75,S75)
A76: =IF(Prices!A76="","",Prices!A76) | B76: =IF(Prices!E76="","",Prices!E76) | C76: =IF(Prices!C76="","",Prices!C76) | D76: =IF(Prices!D76="","",Prices!D76) | E76: =AVERAGE(B27:B76) | G76: =AVERAGE(B57:B76)-2*STDEV.P(B57:B76) | H76: =MAX(B76-B75,0) | I76: =MAX(B75-B76,0) | J76: =(J75*13+H76)/14 | K76: =(K75*13+I76)/14 | L76: =IF(K76=0,100,100-100/(1+J76/K76)) | M76: =IF(MAX(C63:C76)=MIN(D63:D76),50,100*(B76-MIN(D63:D76))/(MAX(C63:C76)-MIN(D63:D76))) | N76: =AVERAGE(M74:M76) | O76: =IF(ISNUMBER(L76),L76<30,FALSE) | P76: =IF(ISNUMBER(N76),N76<20,FALSE) | Q76: =IF(AND(ISNUMBER(E56),ISNUMBER(E76)),AND(E76>E56,B76<=E76*1.01,B75>E75*1.01),FALSE) | R76: =FALSE | S76: =IF(ISNUMBER(G76),B76<G76,FALSE) | T76: =OR(O76,P76,Q76,R76,S76)
A77: =IF(Prices!A77="","",Prices!A77) | B77: =IF(Prices!E77="","",Prices!E77) | C77: =IF(Prices!C77="","",Prices!C77) | D77: =IF(Prices!D77="","",Prices!D77) | E77: =AVERAGE(B28:B77) | G77: =AVERAGE(B58:B77)-2*STDEV.P(B58:B77) | H77: =MAX(B77-B76,0) | I77: =MAX(B76-B77,0) | J77: =(J76*13+H77)/14 | K77: =(K76*13+I77)/14 | L77: =IF(K77=0,100,100-100/(1+J77/K77)) | M77: =IF(MAX(C64:C77)=MIN(D64:D77),50,100*(B77-MIN(D64:D77))/(MAX(C64:C77)-MIN(D64:D77))) | N77: =AVERAGE(M75:M77) | O77: =IF(ISNUMBER(L77),L77<30,FALSE) | P77: =IF(ISNUMBER(N77),N77<20,FALSE) | Q77: =IF(AND(ISNUMBER(E57),ISNUMBER(E77)),AND(E77>E57,B77<=E77*1.01,B76>E76*1.01),FALSE) | R77: =FALSE | S77: =IF(ISNUMBER(G77),B77<G77,FALSE) | T77: =OR(O77,P77,Q77,R77,S77)
A78: =IF(Prices!A78="","",Prices!A78) | B78: =IF(Prices!E78="","",Prices!E78) | C78: =IF(Prices!C78="","",Prices!C78) | D78: =IF(Prices!D78="","",Prices!D78) | E78: =AVERAGE(B29:B78) | G78: =AVERAGE(B59:B78)-2*STDEV.P(B59:B78) | H78: =MAX(B78-B77,0) | I78: =MAX(B77-B78,0) | J78: =(J77*13+H78)/14 | K78: =(K77*13+I78)/14 | L78: =IF(K78=0,100,100-100/(1+J78/K78)) | M78: =IF(MAX(C65:C78)=MIN(D65:D78),50,100*(B78-MIN(D65:D78))/(MAX(C65:C78)-MIN(D65:D78))) | N78: =AVERAGE(M76:M78) | O78: =IF(ISNUMBER(L78),L78<30,FALSE) | P78: =IF(ISNUMBER(N78),N78<20,FALSE) | Q78: =IF(AND(ISNUMBER(E58),ISNUMBER(E78)),AND(E78>E58,B78<=E78*1.01,B77>E77*1.01),FALSE) | R78: =FALSE | S78: =IF(ISNUMBER(G78),B78<G78,FALSE) | T78: =OR(O78,P78,Q78,R78,S78)
A79: =IF(Prices!A79="","",Prices!A79) | B79: =IF(Prices!E79="","",Prices!E79) | C79: =IF(Prices!C79="","",Prices!C79) | D79: =IF(Prices!D79="","",Prices!D79) | E79: =AVERAGE(B30:B79) | G79: =AVERAGE(B60:B79)-2*STDEV.P(B60:B79) | H79: =MAX(B79-B78,0) | I79: =MAX(B78-B79,0) | J79: =(J78*13+H79)/14 | K79: =(K78*13+I79)/14 | L79: =IF(K79=0,100,100-100/(1+J79/K79)) | M79: =IF(MAX(C66:C79)=MIN(D66:D79),50,100*(B79-MIN(D66:D79))/(MAX(C66:C79)-MIN(D66:D79))) | N79: =AVERAGE(M77:M79) | O79: =IF(ISNUMBER(L79),L79<30,FALSE) | P79: =IF(ISNUMBER(N79),N79<20,FALSE) | Q79: =IF(AND(ISNUMBER(E59),ISNUMBER(E79)),AND(E79>E59,B79<=E79*1.01,B78>E78*1.01),FALSE) | R79: =FALSE | S79: =IF(ISNUMBER(G79),B79<G79,FALSE) | T79: =OR(O79,P79,Q79,R79,S79)
A80: =IF(Prices!A80="","",Prices!A80) | B80: =IF(Prices!E80="","",Prices!E80) | C80: =IF(Prices!C80="","",Prices!C80) | D80: =IF(Prices!D80="","",Prices!D80) | E80: =AVERAGE(B31:B80) | G80: =AVERAGE(B61:B80)-2*STDEV.P(B61:B80) | H80: =MAX(B80-B79,0) | I80: =MAX(B79-B80,0) | J80: =(J79*13+H80)/14 | K80: =(K79*13+I80)/14 | L80: =IF(K80=0,100,100-100/(1+J80/K80)) | M80: =IF(MAX(C67:C80)=MIN(D67:D80),50,100*(B80-MIN(D67:D80))/(MAX(C67:C80)-MIN(D67:D80))) | N80: =AVERAGE(M78:M80) | O80: =IF(ISNUMBER(L80),L80<30,FALSE) | P80: =IF(ISNUMBER(N80),N80<20,FALSE) | Q80: =IF(AND(ISNUMBER(E60),ISNUMBER(E80)),AND(E80>E60,B80<=E80*1.01,B79>E79*1.01),FALSE) | R80: =FALSE | S80: =IF(ISNUMBER(G80),B80<G80,FALSE) | T80: =OR(O80,P80,Q80,R80,S80)
A81: =IF(Prices!A81="","",Prices!A81) | B81: =IF(Prices!E81="","",Prices!E81) | C81: =IF(Prices!C81="","",Prices!C81) | D81: =IF(Prices!D81="","",Prices!D81) | E81: =AVERAGE(B32:B81) | G81: =AVERAGE(B62:B81)-2*STDEV.P(B62:B81) | H81: =MAX(B81-B80,0) | I81: =MAX(B80-B81,0) | J81: =(J80*13+H81)/14 | K81: =(K80*13+I81)/14 | L81: =IF(K81=0,100,100-100/(1+J81/K81)) | M81: =IF(MAX(C68:C81)=MIN(D68:D81),50,100*(B81-MIN(D68:D81))/(MAX(C68:C81)-MIN(D68:D81))) | N81: =AVERAGE(M79:M81) | O81: =IF(ISNUMBER(L81),L81<30,FALSE) | P81: =IF(ISNUMBER(N81),N81<20,FALSE) | Q81: =IF(AND(ISNUMBER(E61),ISNUMBER(E81)),AND(E81>E61,B81<=E81*1.01,B80>E80*1.01),FALSE) | R81: =FALSE | S81: =IF(ISNUMBER(G81),B81<G81,FALSE) | T81: =OR(O81,P81,Q81,R81,S81)
A82: =IF(Prices!A82="","",Prices!A82) | B82: =IF(Prices!E82="","",Prices!E82) | C82: =IF(Prices!C82="","",Prices!C82) | D82: =IF(Prices!D82="","",Prices!D82) | E82: =AVERAGE(B33:B82) | G82: =AVERAGE(B63:B82)-2*STDEV.P(B63:B82) | H82: =MAX(B82-B81,0) | I82: =MAX(B81-B82,0) | J82: =(J81*13+H82)/14 | K82: =(K81*13+I82)/14 | L82: =IF(K82=0,100,100-100/(1+J82/K82)) | M82: =IF(MAX(C69:C82)=MIN(D69:D82),50,100*(B82-MIN(D69:D82))/(MAX(C69:C82)-MIN(D69:D82))) | N82: =AVERAGE(M80:M82) | O82: =IF(ISNUMBER(L82),L82<30,FALSE) | P82: =IF(ISNUMBER(N82),N82<20,FALSE) | Q82: =IF(AND(ISNUMBER(E62),ISNUMBER(E82)),AND(E82>E62,B82<=E82*1.01,B81>E81*1.01),FALSE) | R82: =FALSE | S82: =IF(ISNUMBER(G82),B82<G82,FALSE) | T82: =OR(O82,P82,Q82,R82,S82)
... A200: =IF(Prices!A200="","",Prices!A200) | B200: =IF(Prices!E200="","",Prices!E200) | C200: =IF(Prices!C200="","",Prices!C200) | D200: =IF(Prices!D200="","",Prices!D200) | E200: =AVERAGE(B151:B200) | G200: =AVERAGE(B181:B200)-2*STDEV.P(B181:B200) | H200: =MAX(B200-B199,0) | I200: =MAX(B199-B200,0) | J200: =(J199*13+H200)/14 | K200: =(K199*13+I200)/14 | L200: =IF(K200=0,100,100-100/(1+J200/K200)) | M200: =IF(MAX(C187:C200)=MIN(D187:D200),50,100*(B200-MIN(D187:D200))/(MAX(C187:C200)-MIN(D187:D200))) | N200: =AVERAGE(M198:M200) | O200: =IF(ISNUMBER(L200),L200<30,FALSE) | P200: =IF(ISNUMBER(N200),N200<20,FALSE) | Q200: =IF(AND(ISNUMBER(E180),ISNUMBER(E200)),AND(E200>E180,B200<=E200*1.01,B199>E199*1.01),FALSE) | R200: =FALSE | S200: =IF(ISNUMBER(G200),B200<G200,FALSE) | T200: =OR(O200,P200,Q200,R200,S200)
A201: =IF(Prices!A201="","",Prices!A201) | B201: =IF(Prices!E201="","",Prices!E201) | C201: =IF(Prices!C201="","",Prices!C201) | D201: =IF(Prices!D201="","",Prices!D201) | E201: =AVERAGE(B152:B201) | F201: =AVERAGE(B2:B201) | G201: =AVERAGE(B182:B201)-2*STDEV.P(B182:B201) | H201: =MAX(B201-B200,0) | I201: =MAX(B200-B201,0) | J201: =(J200*13+H201)/14 | K201: =(K200*13+I201)/14 | L201: =IF(K201=0,100,100-100/(1+J201/K201)) | M201: =IF(MAX(C188:C201)=MIN(D188:D201),50,100*(B201-MIN(D188:D201))/(MAX(C188:C201)-MIN(D188:D201))) | N201: =AVERAGE(M199:M201) | O201: =IF(ISNUMBER(L201),L201<30,FALSE) | P201: =IF(ISNUMBER(N201),N201<20,FALSE) | Q201: =IF(AND(ISNUMBER(E181),ISNUMBER(E201)),AND(E201>E181,B201<=E201*1.01,B200>E200*1.01),FALSE) | R201: =FALSE | S201: =IF(ISNUMBER(G201),B201<G201,FALSE) | T201: =OR(O201,P201,Q201,R201,S201)
A202: =IF(Prices!A202="","",Prices!A202) | B202: =IF(Prices!E202="","",Prices!E202) | C202: =IF(Prices!C202="","",Prices!C202) | D202: =IF(Prices!D202="","",Prices!D202) | E202: =AVERAGE(B153:B202) | F202: =AVERAGE(B3:B202) | G202: =AVERAGE(B183:B202)-2*STDEV.P(B183:B202) | H202: =MAX(B202-B201,0) | I202: =MAX(B201-B202,0) | J202: =(J201*13+H202)/14 | K202: =(K201*13+I202)/14 | L202: =IF(K202=0,100,100-100/(1+J202/K202)) | M202: =IF(MAX(C189:C202)=MIN(D189:D202),50,100*(B202-MIN(D189:D202))/(MAX(C189:C202)-MIN(D189:D202))) | N202: =AVERAGE(M200:M202) | O202: =IF(ISNUMBER(L202),L202<30,FALSE) | P202: =IF(ISNUMBER(N202),N202<20,FALSE) | Q202: =IF(AND(ISNUMBER(E182),ISNUMBER(E202)),AND(E202>E182,B202<=E202*1.01,B201>E201*1.01),FALSE) | R202: =FALSE | S202: =IF(ISNUMBER(G202),B202<G202,FALSE) | T202: =OR(O202,P202,Q202,R202,S202)
A203: =IF(Prices!A203="","",Prices!A203) | B203: =IF(Prices!E203="","",Prices!E203) | C203: =IF(Prices!C203="","",Prices!C203) | D203: =IF(Prices!D203="","",Prices!D203) | E203: =AVERAGE(B154:B203) | F203: =AVERAGE(B4:B203) | G203: =AVERAGE(B184:B203)-2*STDEV.P(B184:B203) | H203: =MAX(B203-B202,0) | I203: =MAX(B202-B203,0) | J203: =(J202*13+H203)/14 | K203: =(K202*13+I203)/14 | L203: =IF(K203=0,100,100-100/(1+J203/K203)) | M203: =IF(MAX(C190:C203)=MIN(D190:D203),50,100*(B203-MIN(D190:D203))/(MAX(C190:C203)-MIN(D190:D203))) | N203: =AVERAGE(M201:M203) | O203: =IF(ISNUMBER(L203),L203<30,FALSE) | P203: =IF(ISNUMBER(N203),N203<20,FALSE) | Q203: =IF(AND(ISNUMBER(E183),ISNUMBER(E203)),AND(E203>E183,B203<=E203*1.01,B202>E202*1.01),FALSE) | R203: =FALSE | S203: =IF(ISNUMBER(G203),B203<G203,FALSE) | T203: =OR(O203,P203,Q203,R203,S203)
A204: =IF(Prices!A204="","",Prices!A204) | B204: =IF(Prices!E204="","",Prices!E204) | C204: =IF(Prices!C204="","",Prices!C204) | D204: =IF(Prices!D204="","",Prices!D204) | E204: =AVERAGE(B155:B204) | F204: =AVERAGE(B5:B204) | G204: =AVERAGE(B185:B204)-2*STDEV.P(B185:B204) | H204: =MAX(B204-B203,0) | I204: =MAX(B203-B204,0) | J204: =(J203*13+H204)/14 | K204: =(K203*13+I204)/14 | L204: =IF(K204=0,100,100-100/(1+J204/K204)) | M204: =IF(MAX(C191:C204)=MIN(D191:D204),50,100*(B204-MIN(D191:D204))/(MAX(C191:C204)-MIN(D191:D204))) | N204: =AVERAGE(M202:M204) | O204: =IF(ISNUMBER(L204),L204<30,FALSE) | P204: =IF(ISNUMBER(N204),N204<20,FALSE) | Q204: =IF(AND(ISNUMBER(E184),ISNUMBER(E204)),AND(E204>E184,B204<=E204*1.01,B203>E203*1.01),FALSE) | R204: =FALSE | S204: =IF(ISNUMBER(G204),B204<G204,FALSE) | T204: =OR(O204,P204,Q204,R204,S204)
A205: =IF(Prices!A205="","",Prices!A205) | B205: =IF(Prices!E205="","",Prices!E205) | C205: =IF(Prices!C205="","",Prices!C205) | D205: =IF(Prices!D205="","",Prices!D205) | E205: =AVERAGE(B156:B205) | F205: =AVERAGE(B6:B205) | G205: =AVERAGE(B186:B205)-2*STDEV.P(B186:B205) | H205: =MAX(B205-B204,0) | I205: =MAX(B204-B205,0) | J205: =(J204*13+H205)/14 | K205: =(K204*13+I205)/14 | L205: =IF(K205=0,100,100-100/(1+J205/K205)) | M205: =IF(MAX(C192:C205)=MIN(D192:D205),50,100*(B205-MIN(D192:D205))/(MAX(C192:C205)-MIN(D192:D205))) | N205: =AVERAGE(M203:M205) | O205: =IF(ISNUMBER(L205),L205<30,FALSE) | P205: =IF(ISNUMBER(N205),N205<20,FALSE) | Q205: =IF(AND(ISNUMBER(E185),ISNUMBER(E205)),AND(E205>E185,B205<=E205*1.01,B204>E204*1.01),FALSE) | R205: =FALSE | S205: =IF(ISNUMBER(G205),B205<G205,FALSE) | T205: =OR(O205,P205,Q205,R205,S205)
A206: =IF(Prices!A206="","",Prices!A206) | B206: =IF(Prices!E206="","",Prices!E206) | C206: =IF(Prices!C206="","",Prices!C206) | D206: =IF(Prices!D206="","",Prices!D206) | E206: =AVERAGE(B157:B206) | F206: =AVERAGE(B7:B206) | G206: =AVERAGE(B187:B206)-2*STDEV.P(B187:B206) | H206: =MAX(B206-B205,0) | I206: =MAX(B205-B206,0) | J206: =(J205*13+H206)/14 | K206: =(K205*13+I206)/14 | L206: =IF(K206=0,100,100-100/(1+J206/K206)) | M206: =IF(MAX(C193:C206)=MIN(D193:D206),50,100*(B206-MIN(D193:D206))/(MAX(C193:C206)-MIN(D193:D206))) | N206: =AVERAGE(M204:M206) | O206: =IF(ISNUMBER(L206),L206<30,FALSE) | P206: =IF(ISNUMBER(N206),N206<20,FALSE) | Q206: =IF(AND(ISNUMBER(E186),ISNUMBER(E206)),AND(E206>E186,B206<=E206*1.01,B205>E205*1.01),FALSE) | R206: =FALSE | S206: =IF(ISNUMBER(G206),B206<G206,FALSE) | T206: =OR(O206,P206,Q206,R206,S206)
A207: =IF(Prices!A207="","",Prices!A207) | B207: =IF(Prices!E207="","",Prices!E207) | C207: =IF(Prices!C207="","",Prices!C207) | D207: =IF(Prices!D207="","",Prices!D207) | E207: =AVERAGE(B158:B207) | F207: =AVERAGE(B8:B207) | G207: =AVERAGE(B188:B207)-2*STDEV.P(B188:B207) | H207: =MAX(B207-B206,0) | I207: =MAX(B206-B207,0) | J207: =(J206*13+H207)/14 | K207: =(K206*13+I207)/14 | L207: =IF(K207=0,100,100-100/(1+J207/K207)) | M207: =IF(MAX(C194:C207)=MIN(D194:D207),50,100*(B207-MIN(D194:D207))/(MAX(C194:C207)-MIN(D194:D207))) | N207: =AVERAGE(M205:M207) | O207: =IF(ISNUMBER(L207),L207<30,FALSE) | P207: =IF(ISNUMBER(N207),N207<20,FALSE) | Q207: =IF(AND(ISNUMBER(E187),ISNUMBER(E207)),AND(E207>E187,B207<=E207*1.01,B206>E206*1.01),FALSE) | R207: =FALSE | S207: =IF(ISNUMBER(G207),B207<G207,FALSE) | T207: =OR(O207,P207,Q207,R207,S207)
A208: =IF(Prices!A208="","",Prices!A208) | B208: =IF(Prices!E208="","",Prices!E208) | C208: =IF(Prices!C208="","",Prices!C208) | D208: =IF(Prices!D208="","",Prices!D208) | E208: =AVERAGE(B159:B208) | F208: =AVERAGE(B9:B208) | G208: =AVERAGE(B189:B208)-2*STDEV.P(B189:B208) | H208: =MAX(B208-B207,0) | I208: =MAX(B207-B208,0) | J208: =(J207*13+H208)/14 | K208: =(K207*13+I208)/14 | L208: =IF(K208=0,100,100-100/(1+J208/K208)) | M208: =IF(MAX(C195:C208)=MIN(D195:D208),50,100*(B208-MIN(D195:D208))/(MAX(C195:C208)-MIN(D195:D208))) | N208: =AVERAGE(M206:M208) | O208: =IF(ISNUMBER(L208),L208<30,FALSE) | P208: =IF(ISNUMBER(N208),N208<20,FALSE) | Q208: =IF(AND(ISNUMBER(E188),ISNUMBER(E208)),AND(E208>E188,B208<=E208*1.01,B207>E207*1.01),FALSE) | R208: =FALSE | S208: =IF(ISNUMBER(G208),B208<G208,FALSE) | T208: =OR(O208,P208,Q208,R208,S208)
A209: =IF(Prices!A209="","",Prices!A209) | B209: =IF(Prices!E209="","",Prices!E209) | C209: =IF(Prices!C209="","",Prices!C209) | D209: =IF(Prices!D209="","",Prices!D209) | E209: =AVERAGE(B160:B209) | F209: =AVERAGE(B10:B209) | G209: =AVERAGE(B190:B209)-2*STDEV.P(B190:B209) | H209: =MAX(B209-B208,0) | I209: =MAX(B208-B209,0) | J209: =(J208*13+H209)/14 | K209: =(K208*13+I209)/14 | L209: =IF(K209=0,100,100-100/(1+J209/K209)) | M209: =IF(MAX(C196:C209)=MIN(D196:D209),50,100*(B209-MIN(D196:D209))/(MAX(C196:C209)-MIN(D196:D209))) | N209: =AVERAGE(M207:M209) | O209: =IF(ISNUMBER(L209),L209<30,FALSE) | P209: =IF(ISNUMBER(N209),N209<20,FALSE) | Q209: =IF(AND(ISNUMBER(E189),ISNUMBER(E209)),AND(E209>E189,B209<=E209*1.01,B208>E208*1.01),FALSE) | R209: =FALSE | S209: =IF(ISNUMBER(G209),B209<G209,FALSE) | T209: =OR(O209,P209,Q209,R209,S209)
A210: =IF(Prices!A210="","",Prices!A210) | B210: =IF(Prices!E210="","",Prices!E210) | C210: =IF(Prices!C210="","",Prices!C210) | D210: =IF(Prices!D210="","",Prices!D210) | E210: =AVERAGE(B161:B210) | F210: =AVERAGE(B11:B210) | G210: =AVERAGE(B191:B210)-2*STDEV.P(B191:B210) | H210: =MAX(B210-B209,0) | I210: =MAX(B209-B210,0) | J210: =(J209*13+H210)/14 | K210: =(K209*13+I210)/14 | L210: =IF(K210=0,100,100-100/(1+J210/K210)) | M210: =IF(MAX(C197:C210)=MIN(D197:D210),50,100*(B210-MIN(D197:D210))/(MAX(C197:C210)-MIN(D197:D210))) | N210: =AVERAGE(M208:M210) | O210: =IF(ISNUMBER(L210),L210<30,FALSE) | P210: =IF(ISNUMBER(N210),N210<20,FALSE) | Q210: =IF(AND(ISNUMBER(E190),ISNUMBER(E210)),AND(E210>E190,B210<=E210*1.01,B209>E209*1.01),FALSE) | R210: =FALSE | S210: =IF(ISNUMBER(G210),B210<G210,FALSE) | T210: =OR(O210,P210,Q210,R210,S210)
A211: =IF(Prices!A211="","",Prices!A211) | B211: =IF(Prices!E211="","",Prices!E211) | C211: =IF(Prices!C211="","",Prices!C211) | D211: =IF(Prices!D211="","",Prices!D211) | E211: =AVERAGE(B162:B211) | F211: =AVERAGE(B12:B211) | G211: =AVERAGE(B192:B211)-2*STDEV.P(B192:B211) | H211: =MAX(B211-B210,0) | I211: =MAX(B210-B211,0) | J211: =(J210*13+H211)/14 | K211: =(K210*13+I211)/14 | L211: =IF(K211=0,100,100-100/(1+J211/K211)) | M211: =IF(MAX(C198:C211)=MIN(D198:D211),50,100*(B211-MIN(D198:D211))/(MAX(C198:C211)-MIN(D198:D211))) | N211: =AVERAGE(M209:M211) | O211: =IF(ISNUMBER(L211),L211<30,FALSE) | P211: =IF(ISNUMBER(N211),N211<20,FALSE) | Q211: =IF(AND(ISNUMBER(E191),ISNUMBER(E211)),AND(E211>E191,B211<=E211*1.01,B210>E210*1.01),FALSE) | R211: =FALSE | S211: =IF(ISNUMBER(G211),B211<G211,FALSE) | T211: =OR(O211,P211,Q211,R211,S211)
A212: =IF(Prices!A212="","",Prices!A212) | B212: =IF(Prices!E212="","",Prices!E212) | C212: =IF(Prices!C212="","",Prices!C212) | D212: =IF(Prices!D212="","",Prices!D212) | E212: =AVERAGE(B163:B212) | F212: =AVERAGE(B13:B212) | G212: =AVERAGE(B193:B212)-2*STDEV.P(B193:B212) | H212: =MAX(B212-B211,0) | I212: =MAX(B211-B212,0) | J212: =(J211*13+H212)/14 | K212: =(K211*13+I212)/14 | L212: =IF(K212=0,100,100-100/(1+J212/K212)) | M212: =IF(MAX(C199:C212)=MIN(D199:D212),50,100*(B212-MIN(D199:D212))/(MAX(C199:C212)-MIN(D199:D212))) | N212: =AVERAGE(M210:M212) | O212: =IF(ISNUMBER(L212),L212<30,FALSE) | P212: =IF(ISNUMBER(N212),N212<20,FALSE) | Q212: =IF(AND(ISNUMBER(E192),ISNUMBER(E212)),AND(E212>E192,B212<=E212*1.01,B211>E211*1.01),FALSE) | R212: =FALSE | S212: =IF(ISNUMBER(G212),B212<G212,FALSE) | T212: =OR(O212,P212,Q212,R212,S212)
... A220: =IF(Prices!A220="","",Prices!A220) | B220: =IF(Prices!E220="","",Prices!E220) | C220: =IF(Prices!C220="","",Prices!C220) | D220: =IF(Prices!D220="","",Prices!D220) | E220: =AVERAGE(B171:B220) | F220: =AVERAGE(B21:B220) | G220: =AVERAGE(B201:B220)-2*STDEV.P(B201:B220) | H220: =MAX(B220-B219,0) | I220: =MAX(B219-B220,0) | J220: =(J219*13+H220)/14 | K220: =(K219*13+I220)/14 | L220: =IF(K220=0,100,100-100/(1+J220/K220)) | M220: =IF(MAX(C207:C220)=MIN(D207:D220),50,100*(B220-MIN(D207:D220))/(MAX(C207:C220)-MIN(D207:D220))) | N220: =AVERAGE(M218:M220) | O220: =IF(ISNUMBER(L220),L220<30,FALSE) | P220: =IF(ISNUMBER(N220),N220<20,FALSE) | Q220: =IF(AND(ISNUMBER(E200),ISNUMBER(E220)),AND(E220>E200,B220<=E220*1.01,B219>E219*1.01),FALSE) | R220: =FALSE | S220: =IF(ISNUMBER(G220),B220<G220,FALSE) | T220: =OR(O220,P220,Q220,R220,S220)
A221: =IF(Prices!A221="","",Prices!A221) | B221: =IF(Prices!E221="","",Prices!E221) | C221: =IF(Prices!C221="","",Prices!C221) | D221: =IF(Prices!D221="","",Prices!D221) | E221: =AVERAGE(B172:B221) | F221: =AVERAGE(B22:B221) | G221: =AVERAGE(B202:B221)-2*STDEV.P(B202:B221) | H221: =MAX(B221-B220,0) | I221: =MAX(B220-B221,0) | J221: =(J220*13+H221)/14 | K221: =(K220*13+I221)/14 | L221: =IF(K221=0,100,100-100/(1+J221/K221)) | M221: =IF(MAX(C208:C221)=MIN(D208:D221),50,100*(B221-MIN(D208:D221))/(MAX(C208:C221)-MIN(D208:D221))) | N221: =AVERAGE(M219:M221) | O221: =IF(ISNUMBER(L221),L221<30,FALSE) | P221: =IF(ISNUMBER(N221),N221<20,FALSE) | Q221: =IF(AND(ISNUMBER(E201),ISNUMBER(E221)),AND(E221>E201,B221<=E221*1.01,B220>E220*1.01),FALSE) | R221: =IF(AND(ISNUMBER(F201),ISNUMBER(F221)),AND(F221>F201,B221<=F221*1.01,B220>F220*1.01),FALSE) | S221: =IF(ISNUMBER(G221),B221<G221,FALSE) | T221: =OR(O221,P221,Q221,R221,S221)
A222: =IF(Prices!A222="","",Prices!A222) | B222: =IF(Prices!E222="","",Prices!E222) | C222: =IF(Prices!C222="","",Prices!C222) | D222: =IF(Prices!D222="","",Prices!D222) | E222: =AVERAGE(B173:B222) | F222: =AVERAGE(B23:B222) | G222: =AVERAGE(B203:B222)-2*STDEV.P(B203:B222) | H222: =MAX(B222-B221,0) | I222: =MAX(B221-B222,0) | J222: =(J221*13+H222)/14 | K222: =(K221*13+I222)/14 | L222: =IF(K222=0,100,100-100/(1+J222/K222)) | M222: =IF(MAX(C209:C222)=MIN(D209:D222),50,100*(B222-MIN(D209:D222))/(MAX(C209:C222)-MIN(D209:D222))) | N222: =AVERAGE(M220:M222) | O222: =IF(ISNUMBER(L222),L222<30,FALSE) | P222: =IF(ISNUMBER(N222),N222<20,FALSE) | Q222: =IF(AND(ISNUMBER(E202),ISNUMBER(E222)),AND(E222>E202,B222<=E222*1.01,B221>E221*1.01),FALSE) | R222: =IF(AND(ISNUMBER(F202),ISNUMBER(F222)),AND(F222>F202,B222<=F222*1.01,B221>F221*1.01),FALSE) | S222: =IF(ISNUMBER(G222),B222<G222,FALSE) | T222: =OR(O222,P222,Q222,R222,S222)
A223: =IF(Prices!A223="","",Prices!A223) | B223: =IF(Prices!E223="","",Prices!E223) | C223: =IF(Prices!C223="","",Prices!C223) | D223: =IF(Prices!D223="","",Prices!D223) | E223: =AVERAGE(B174:B223) | F223: =AVERAGE(B24:B223) | G223: =AVERAGE(B204:B223)-2*STDEV.P(B204:B223) | H223: =MAX(B223-B222,0) | I223: =MAX(B222-B223,0) | J223: =(J222*13+H223)/14 | K223: =(K222*13+I223)/14 | L223: =IF(K223=0,100,100-100/(1+J223/K223)) | M223: =IF(MAX(C210:C223)=MIN(D210:D223),50,100*(B223-MIN(D210:D223))/(MAX(C210:C223)-MIN(D210:D223))) | N223: =AVERAGE(M221:M223) | O223: =IF(ISNUMBER(L223),L223<30,FALSE) | P223: =IF(ISNUMBER(N223),N223<20,FALSE) | Q223: =IF(AND(ISNUMBER(E203),ISNUMBER(E223)),AND(E223>E203,B223<=E223*1.01,B222>E222*1.01),FALSE) | R223: =IF(AND(ISNUMBER(F203),ISNUMBER(F223)),AND(F223>F203,B223<=F223*1.01,B222>F222*1.01),FALSE) | S223: =IF(ISNUMBER(G223),B223<G223,FALSE) | T223: =OR(O223,P223,Q223,R223,S223)
A224: =IF(Prices!A224="","",Prices!A224) | B224: =IF(Prices!E224="","",Prices!E224) | C224: =IF(Prices!C224="","",Prices!C224) | D224: =IF(Prices!D224="","",Prices!D224) | E224: =AVERAGE(B175:B224) | F224: =AVERAGE(B25:B224) | G224: =AVERAGE(B205:B224)-2*STDEV.P(B205:B224) | H224: =MAX(B224-B223,0) | I224: =MAX(B223-B224,0) | J224: =(J223*13+H224)/14 | K224: =(K223*13+I224)/14 | L224: =IF(K224=0,100,100-100/(1+J224/K224)) | M224: =IF(MAX(C211:C224)=MIN(D211:D224),50,100*(B224-MIN(D211:D224))/(MAX(C211:C224)-MIN(D211:D224))) | N224: =AVERAGE(M222:M224) | O224: =IF(ISNUMBER(L224),L224<30,FALSE) | P224: =IF(ISNUMBER(N224),N224<20,FALSE) | Q224: =IF(AND(ISNUMBER(E204),ISNUMBER(E224)),AND(E224>E204,B224<=E224*1.01,B223>E223*1.01),FALSE) | R224: =IF(AND(ISNUMBER(F204),ISNUMBER(F224)),AND(F224>F204,B224<=F224*1.01,B223>F223*1.01),FALSE) | S224: =IF(ISNUMBER(G224),B224<G224,FALSE) | T224: =OR(O224,P224,Q224,R224,S224)
A225: =IF(Prices!A225="","",Prices!A225) | B225: =IF(Prices!E225="","",Prices!E225) | C225: =IF(Prices!C225="","",Prices!C225) | D225: =IF(Prices!D225="","",Prices!D225) | E225: =AVERAGE(B176:B225) | F225: =AVERAGE(B26:B225) | G225: =AVERAGE(B206:B225)-2*STDEV.P(B206:B225) | H225: =MAX(B225-B224,0) | I225: =MAX(B224-B225,0) | J225: =(J224*13+H225)/14 | K225: =(K224*13+I225)/14 | L225: =IF(K225=0,100,100-100/(1+J225/K225)) | M225: =IF(MAX(C212:C225)=MIN(D212:D225),50,100*(B225-MIN(D212:D225))/(MAX(C212:C225)-MIN(D212:D225))) | N225: =AVERAGE(M223:M225) | O225: =IF(ISNUMBER(L225),L225<30,FALSE) | P225: =IF(ISNUMBER(N225),N225<20,FALSE) | Q225: =IF(AND(ISNUMBER(E205),ISNUMBER(E225)),AND(E225>E205,B225<=E225*1.01,B224>E224*1.01),FALSE) | R225: =IF(AND(ISNUMBER(F205),ISNUMBER(F225)),AND(F225>F205,B225<=F225*1.01,B224>F224*1.01),FALSE) | S225: =IF(ISNUMBER(G225),B225<G225,FALSE) | T225: =OR(O225,P225,Q225,R225,S225)
A226: =IF(Prices!A226="","",Prices!A226) | B226: =IF(Prices!E226="","",Prices!E226) | C226: =IF(Prices!C226="","",Prices!C226) | D226: =IF(Prices!D226="","",Prices!D226) | E226: =AVERAGE(B177:B226) | F226: =AVERAGE(B27:B226) | G226: =AVERAGE(B207:B226)-2*STDEV.P(B207:B226) | H226: =MAX(B226-B225,0) | I226: =MAX(B225-B226,0) | J226: =(J225*13+H226)/14 | K226: =(K225*13+I226)/14 | L226: =IF(K226=0,100,100-100/(1+J226/K226)) | M226: =IF(MAX(C213:C226)=MIN(D213:D226),50,100*(B226-MIN(D213:D226))/(MAX(C213:C226)-MIN(D213:D226))) | N226: =AVERAGE(M224:M226) | O226: =IF(ISNUMBER(L226),L226<30,FALSE) | P226: =IF(ISNUMBER(N226),N226<20,FALSE) | Q226: =IF(AND(ISNUMBER(E206),ISNUMBER(E226)),AND(E226>E206,B226<=E226*1.01,B225>E225*1.01),FALSE) | R226: =IF(AND(ISNUMBER(F206),ISNUMBER(F226)),AND(F226>F206,B226<=F226*1.01,B225>F225*1.01),FALSE) | S226: =IF(ISNUMBER(G226),B226<G226,FALSE) | T226: =OR(O226,P226,Q226,R226,S226)
A227: =IF(Prices!A227="","",Prices!A227) | B227: =IF(Prices!E227="","",Prices!E227) | C227: =IF(Prices!C227="","",Prices!C227) | D227: =IF(Prices!D227="","",Prices!D227) | E227: =AVERAGE(B178:B227) | F227: =AVERAGE(B28:B227) | G227: =AVERAGE(B208:B227)-2*STDEV.P(B208:B227) | H227: =MAX(B227-B226,0) | I227: =MAX(B226-B227,0) | J227: =(J226*13+H227)/14 | K227: =(K226*13+I227)/14 | L227: =IF(K227=0,100,100-100/(1+J227/K227)) | M227: =IF(MAX(C214:C227)=MIN(D214:D227),50,100*(B227-MIN(D214:D227))/(MAX(C214:C227)-MIN(D214:D227))) | N227: =AVERAGE(M225:M227) | O227: =IF(ISNUMBER(L227),L227<30,FALSE) | P227: =IF(ISNUMBER(N227),N227<20,FALSE) | Q227: =IF(AND(ISNUMBER(E207),ISNUMBER(E227)),AND(E227>E207,B227<=E227*1.01,B226>E226*1.01),FALSE) | R227: =IF(AND(ISNUMBER(F207),ISNUMBER(F227)),AND(F227>F207,B227<=F227*1.01,B226>F226*1.01),FALSE) | S227: =IF(ISNUMBER(G227),B227<G227,FALSE) | T227: =OR(O227,P227,Q227,R227,S227)
A228: =IF(Prices!A228="","",Prices!A228) | B228: =IF(Prices!E228="","",Prices!E228) | C228: =IF(Prices!C228="","",Prices!C228) | D228: =IF(Prices!D228="","",Prices!D228) | E228: =AVERAGE(B179:B228) | F228: =AVERAGE(B29:B228) | G228: =AVERAGE(B209:B228)-2*STDEV.P(B209:B228) | H228: =MAX(B228-B227,0) | I228: =MAX(B227-B228,0) | J228: =(J227*13+H228)/14 | K228: =(K227*13+I228)/14 | L228: =IF(K228=0,100,100-100/(1+J228/K228)) | M228: =IF(MAX(C215:C228)=MIN(D215:D228),50,100*(B228-MIN(D215:D228))/(MAX(C215:C228)-MIN(D215:D228))) | N228: =AVERAGE(M226:M228) | O228: =IF(ISNUMBER(L228),L228<30,FALSE) | P228: =IF(ISNUMBER(N228),N228<20,FALSE) | Q228: =IF(AND(ISNUMBER(E208),ISNUMBER(E228)),AND(E228>E208,B228<=E228*1.01,B227>E227*1.01),FALSE) | R228: =IF(AND(ISNUMBER(F208),ISNUMBER(F228)),AND(F228>F208,B228<=F228*1.01,B227>F227*1.01),FALSE) | S228: =IF(ISNUMBER(G228),B228<G228,FALSE) | T228: =OR(O228,P228,Q228,R228,S228)
A229: =IF(Prices!A229="","",Prices!A229) | B229: =IF(Prices!E229="","",Prices!E229) | C229: =IF(Prices!C229="","",Prices!C229) | D229: =IF(Prices!D229="","",Prices!D229) | E229: =AVERAGE(B180:B229) | F229: =AVERAGE(B30:B229) | G229: =AVERAGE(B210:B229)-2*STDEV.P(B210:B229) | H229: =MAX(B229-B228,0) | I229: =MAX(B228-B229,0) | J229: =(J228*13+H229)/14 | K229: =(K228*13+I229)/14 | L229: =IF(K229=0,100,100-100/(1+J229/K229)) | M229: =IF(MAX(C216:C229)=MIN(D216:D229),50,100*(B229-MIN(D216:D229))/(MAX(C216:C229)-MIN(D216:D229))) | N229: =AVERAGE(M227:M229) | O229: =IF(ISNUMBER(L229),L229<30,FALSE) | P229: =IF(ISNUMBER(N229),N229<20,FALSE) | Q229: =IF(AND(ISNUMBER(E209),ISNUMBER(E229)),AND(E229>E209,B229<=E229*1.01,B228>E228*1.01),FALSE) | R229: =IF(AND(ISNUMBER(F209),ISNUMBER(F229)),AND(F229>F209,B229<=F229*1.01,B228>F228*1.01),FALSE) | S229: =IF(ISNUMBER(G229),B229<G229,FALSE) | T229: =OR(O229,P229,Q229,R229,S229)
A230: =IF(Prices!A230="","",Prices!A230) | B230: =IF(Prices!E230="","",Prices!E230) | C230: =IF(Prices!C230="","",Prices!C230) | D230: =IF(Prices!D230="","",Prices!D230) | E230: =AVERAGE(B181:B230) | F230: =AVERAGE(B31:B230) | G230: =AVERAGE(B211:B230)-2*STDEV.P(B211:B230) | H230: =MAX(B230-B229,0) | I230: =MAX(B229-B230,0) | J230: =(J229*13+H230)/14 | K230: =(K229*13+I230)/14 | L230: =IF(K230=0,100,100-100/(1+J230/K230)) | M230: =IF(MAX(C217:C230)=MIN(D217:D230),50,100*(B230-MIN(D217:D230))/(MAX(C217:C230)-MIN(D217:D230))) | N230: =AVERAGE(M228:M230) | O230: =IF(ISNUMBER(L230),L230<30,FALSE) | P230: =IF(ISNUMBER(N230),N230<20,FALSE) | Q230: =IF(AND(ISNUMBER(E210),ISNUMBER(E230)),AND(E230>E210,B230<=E230*1.01,B229>E229*1.01),FALSE) | R230: =IF(AND(ISNUMBER(F210),ISNUMBER(F230)),AND(F230>F210,B230<=F230*1.01,B229>F229*1.01),FALSE) | S230: =IF(ISNUMBER(G230),B230<G230,FALSE) | T230: =OR(O230,P230,Q230,R230,S230)
A231: =IF(Prices!A231="","",Prices!A231) | B231: =IF(Prices!E231="","",Prices!E231) | C231: =IF(Prices!C231="","",Prices!C231) | D231: =IF(Prices!D231="","",Prices!D231) | E231: =AVERAGE(B182:B231) | F231: =AVERAGE(B32:B231) | G231: =AVERAGE(B212:B231)-2*STDEV.P(B212:B231) | H231: =MAX(B231-B230,0) | I231: =MAX(B230-B231,0) | J231: =(J230*13+H231)/14 | K231: =(K230*13+I231)/14 | L231: =IF(K231=0,100,100-100/(1+J231/K231)) | M231: =IF(MAX(C218:C231)=MIN(D218:D231),50,100*(B231-MIN(D218:D231))/(MAX(C218:C231)-MIN(D218:D231))) | N231: =AVERAGE(M229:M231) | O231: =IF(ISNUMBER(L231),L231<30,FALSE) | P231: =IF(ISNUMBER(N231),N231<20,FALSE) | Q231: =IF(AND(ISNUMBER(E211),ISNUMBER(E231)),AND(E231>E211,B231<=E231*1.01,B230>E230*1.01),FALSE) | R231: =IF(AND(ISNUMBER(F211),ISNUMBER(F231)),AND(F231>F211,B231<=F231*1.01,B230>F230*1.01),FALSE) | S231: =IF(ISNUMBER(G231),B231<G231,FALSE) | T231: =OR(O231,P231,Q231,R231,S231)
A232: =IF(Prices!A232="","",Prices!A232) | B232: =IF(Prices!E232="","",Prices!E232) | C232: =IF(Prices!C232="","",Prices!C232) | D232: =IF(Prices!D232="","",Prices!D232) | E232: =AVERAGE(B183:B232) | F232: =AVERAGE(B33:B232) | G232: =AVERAGE(B213:B232)-2*STDEV.P(B213:B232) | H232: =MAX(B232-B231,0) | I232: =MAX(B231-B232,0) | J232: =(J231*13+H232)/14 | K232: =(K231*13+I232)/14 | L232: =IF(K232=0,100,100-100/(1+J232/K232)) | M232: =IF(MAX(C219:C232)=MIN(D219:D232),50,100*(B232-MIN(D219:D232))/(MAX(C219:C232)-MIN(D219:D232))) | N232: =AVERAGE(M230:M232) | O232: =IF(ISNUMBER(L232),L232<30,FALSE) | P232: =IF(ISNUMBER(N232),N232<20,FALSE) | Q232: =IF(AND(ISNUMBER(E212),ISNUMBER(E232)),AND(E232>E212,B232<=E232*1.01,B231>E231*1.01),FALSE) | R232: =IF(AND(ISNUMBER(F212),ISNUMBER(F232)),AND(F232>F212,B232<=F232*1.01,B231>F231*1.01),FALSE) | S232: =IF(ISNUMBER(G232),B232<G232,FALSE) | T232: =OR(O232,P232,Q232,R232,S232)
... A401: =IF(Prices!A401="","",Prices!A401) | B401: =IF(Prices!E401="","",Prices!E401) | C401: =IF(Prices!C401="","",Prices!C401) | D401: =IF(Prices!D401="","",Prices!D401) | E401: =AVERAGE(B352:B401) | F401: =AVERAGE(B202:B401) | G401: =AVERAGE(B382:B401)-2*STDEV.P(B382:B401) | H401: =MAX(B401-B400,0) | I401: =MAX(B400-B401,0) | J401: =(J400*13+H401)/14 | K401: =(K400*13+I401)/14 | L401: =IF(K401=0,100,100-100/(1+J401/K401)) | M401: =IF(MAX(C388:C401)=MIN(D388:D401),50,100*(B401-MIN(D388:D401))/(MAX(C388:C401)-MIN(D388:D401))) | N401: =AVERAGE(M399:M401) | O401: =IF(ISNUMBER(L401),L401<30,FALSE) | P401: =IF(ISNUMBER(N401),N401<20,FALSE) | Q401: =IF(AND(ISNUMBER(E381),ISNUMBER(E401)),AND(E401>E381,B401<=E401*1.01,B400>E400*1.01),FALSE) | R401: =IF(AND(ISNUMBER(F381),ISNUMBER(F401)),AND(F401>F381,B401<=F401*1.01,B400>F400*1.01),FALSE) | S401: =IF(ISNUMBER(G401),B401<G401,FALSE) | T401: =OR(O401,P401,Q401,R401,S401)
